{
  "name" : "Sakura",
  "base" : "sakura",
  "animations" : {
    "stdNormal" : {
      "fallTo" : [
        0,
        0,
        0,
        0,
        0,
        0,
        0,
        "stdAdvance",
        "stdRetreat",
        "Jump up",
        null
      ],
      "cancelTo" : [
        null,
        "Jab",
        "Punch",
        "Whack",
        0,
        0,
        0,
        "stdAdvance",
        "stdRetreat",
        "Jump up",
        null
      ],
      "frames" : [
        { "image" : [ 3, 11, 76, 86 ], "offset" : [ 35, 84 ] },
        { "image" : [ 80, 10, 76, 87 ], "offset" : [ 35, 85 ] },
        { "image" : [ 157, 8, 76, 89 ], "offset" : [ 35, 87 ] },
        { "image" : [ 234, 6, 76, 91 ], "offset" : [ 35, 89 ] },
        { "image" : [ 311, 8, 76, 89 ], "offset" : [ 35, 87 ] },
        { "image" : [ 388, 10, 76, 87 ], "offset" : [ 35, 85 ] },
        { "image" : [ 465, 10, 76, 87 ], "offset" : [ 35, 85 ] }
      ]
    },
    "Nyah Nyah" : {
      "fallTo" : [ 0, 0, 0, 0, 0, 0, 0, 0, 0, 0, 0 ],
      "cancelTo" : [ null, 0, 0, 0, 0, 0, 0, 0, 0, 0, 0 ],
      "frames" : [
        { "image" : [ 614, 98, 76, 87 ], "offset" : [ 37, 85 ] },
        { "image" : [ 614, 186, 76, 87 ], "offset" : [ 37, 85 ] },
        { "image" : [ 691, 186, 76, 87 ], "offset" : [ 37, 85 ] },
        { "image" : [ 691, 98, 76, 87 ], "offset" : [ 37, 85 ] }
      ]
    },
    "stdAdvance" : {
      "fallTo" : [
        0,
        0,
        0,
        0,
        0,
        0,
        0,
        "stdAdvance",
        "stdRetreat",
        "Jump forward",
        null
      ],
      "cancelTo" : [
        null,
        0,
        0,
        0,
        0,
        0,
        0,
        "stdAdvance",
        "stdRetreat",
        "Jump forward",
        null
      ],
      "frames" : [
        {
          "image" : [ 211, 107, 73, 88 ],
          "offset" : [ 34, 86 ],
          "impulse" : [ 5, 0 ]
        },
        { "image" : [ 285, 103, 53, 92 ], "offset" : [ 28, 90 ] },
        { "image" : [ 339, 103, 54, 92 ], "offset" : [ 28, 90 ] },
        {
          "image" : [ 394, 102, 54, 93 ],
          "offset" : [ 28, 91 ],
          "impulse" : [ 5, 0 ]
        },
        { "image" : [ 450, 105, 70, 90 ], "offset" : [ 32, 88 ] },
        { "image" : [ 521, 108, 88, 87 ], "offset" : [ 45, 85 ] }
      ]
    },
    "stdRetreat" : {
      "fallTo" : [
        0,
        0,
        0,
        0,
        0,
        0,
        0,
        "stdAdvance",
        "stdRetreat",
        "Jump up",
        null
      ],
      "cancelTo" : [
        null,
        0,
        0,
        0,
        0,
        0,
        0,
        "stdAdvance",
        "stdRetreat",
        "Jump up",
        null
      ],
      "frames" : [
        {
          "image" : [ 3, 205, 71, 88 ],
          "offset" : [ 30, 86 ],
          "impulse" : [ -5, 0 ]
        },
        { "image" : [ 75, 200, 48, 93 ], "offset" : [ 24, 91 ] },
        { "image" : [ 124, 200, 50, 93 ], "offset" : [ 24, 91 ] },
        {
          "image" : [ 175, 200, 51, 93 ],
          "offset" : [ 24, 91 ],
          "impulse" : [ -5, 0 ]
        },
        { "image" : [ 227, 204, 73, 89 ], "offset" : [ 37, 87 ] },
        { "image" : [ 301, 207, 88, 86 ], "offset" : [ 41, 84 ] }
      ]
    },
    "Enter crouch" : {
      "fallTo" : [
        0,
        "Crouch",
        "Crouch",
        "Crouch",
        "Crouch",
        "Crouch",
        "Crouch",
        "Crouch",
        "Crouch",
        "Crouch",
        "Crouch"
      ],
      "cancelTo" : [
        null,
        "Enter crouch",
        "Enter crouch",
        "Enter crouch",
        "Enter crouch",
        "Enter crouch",
        "Enter crouch",
        "Enter crouch",
        "Enter crouch",
        "Enter crouch",
        "Enter crouch"
      ],
      "frames" : [ { "image" : [ 645, 114, 70, 92 ], "offset" : [ 45, 87 ] } ]
    },
    "Crouch" : {
      "fallTo" : [ "Exit crouch", 0, 0, 0, 0, 0, 0, "Crouch", "Crouch", 0, "Crouch" ],
      "cancelTo" : [ null, 0, 0, 0, 0, 0, 0, "Crouch", "Crouch", 0, "Crouch" ],
      "frames" : [ { "image" : [ 3, 312, 85, 74 ], "offset" : [ 56, 63 ] } ]
    },
    "Exit crouch" : {
      "fallTo" : [
        "Exit crouch",
        "Exit crouch",
        "Exit crouch",
        "Exit crouch",
        "Exit crouch",
        "Exit crouch",
        "Exit crouch",
        "Exit crouch",
        "Exit crouch",
        "Exit crouch",
        "Exit crouch"
      ],
      "cancelTo" : [
        "Exit crouch",
        "Exit crouch",
        "Exit crouch",
        "Exit crouch",
        "Exit crouch",
        "Exit crouch",
        "Exit crouch",
        "Exit crouch",
        "Exit crouch",
        "Exit crouch",
        "Exit crouch"
      ],
      "frames" : [ { "image" : [ 505, 210, 97, 71 ], "offset" : [ 64, 62 ] } ]
    },
    "Jab" : {
      "fallTo" : [ 0, 0, 0, 0, 0, 0, 0, 0, 0, 0, 0 ],
      "cancelTo" : [ null, "Jab", 0, 0, 0, 0, 0, 0, 0, 0, 0 ],
      "frames" : [
        { "image" : [ 3, 664, 76, 88 ], "offset" : [ 36, 86 ] },
        { "image" : [ 80, 664, 105, 88 ], "offset" : [ 36, 86 ] },
        { "image" : [ 186, 664, 101, 88 ], "offset" : [ 36, 86 ] },
        { "image" : [ 288, 664, 76, 88 ], "offset" : [ 36, 86 ] }
      ]
    },
    "Punch" : {
      "fallTo" : [ 0, 0, 0, 0, 0, 0, 0, 0, 0, 0, 0 ],
      "cancelTo" : [ null, 0, "Punch", 0, 0, 0, 0, 0, 0, 0, 0 ],
      "frames" : [
        { "image" : [ 3, 759, 80, 85 ], "offset" : [ 35, 83 ] },
        { "image" : [ 84, 759, 81, 85 ], "offset" : [ 35, 83 ] },
        { "image" : [ 166, 758, 94, 86 ], "offset" : [ 35, 84 ] },
        { "image" : [ 261, 758, 91, 86 ], "offset" : [ 35, 84 ] },
        { "image" : [ 353, 757, 77, 87 ], "offset" : [ 35, 85 ] }
      ]
    },
    "Whack" : {
      "fallTo" : [ 0, 0, 0, 0, 0, 0, 0, 0, 0, 0, 0 ],
      "cancelTo" : [ null, 0, 0, "Whack", 0, 0, 0, 0, 0, 0, 0 ],
      "frames" : [
        { "image" : [ 369, 657, 83, 87 ], "offset" : [ 33, 85 ] },
        { "image" : [ 453, 658, 121, 86 ], "offset" : [ 33, 85 ] },
        { "image" : [ 575, 658, 115, 86 ], "offset" : [ 33, 85 ] },
        { "image" : [ 691, 657, 83, 87 ], "offset" : [ 33, 85 ] }
      ]
    },
    "Jump up" : {
      "fallTo" : [ 0, 0, 0, 0, 0, 0, 0, 0, 0, "Jump up", 0 ],
      "cancelTo" : [
        "Jump up",
        null,
        null,
        null,
        null,
        null,
        null,
        null,
        null,
        "Jump up",
        null
      ],
      "frames" : [
        {
          "image" : [ 3, 298, 52, 117 ],
          "offset" : [ 17, 115 ],
          "impulse" : [ 0, -20 ]
        },
        { "image" : [ 56, 298, 52, 117 ], "offset" : [ 17, 115 ] },
        { "image" : [ 109, 298, 57, 84 ], "offset" : [ 23, 115 ] },
        { "image" : [ 167, 298, 66, 62 ], "offset" : [ 38, 115 ] },
        { "image" : [ 234, 298, 68, 60 ], "offset" : [ 39, 115 ] },
        { "image" : [ 234, 298, 68, 60 ], "offset" : [ 39, 115 ] },
        { "image" : [ 234, 298, 68, 60 ], "offset" : [ 39, 115 ] },
        { "image" : [ 234, 298, 68, 60 ], "offset" : [ 39, 115 ] },
        { "image" : [ 303, 298, 66, 65 ], "offset" : [ 36, 115 ] },
        { "image" : [ 370, 298, 57, 89 ], "offset" : [ 28, 115 ] },
        { "image" : [ 428, 298, 56, 117 ], "offset" : [ 28, 115 ] },
        { "image" : [ 485, 298, 58, 117 ], "offset" : [ 28, 115 ] }
      ]
    },
    "Jump forward" : {
      "fallTo" : [ 0, null, null, null, null, null, null, null, null, null, null ],
      "cancelTo" : [ null, null, null, null, null, null, null, null, null, null, null ],
      "frames" : [
        {
          "image" : [ 3, 420, 71, 103 ],
          "offset" : [ 35, 101 ],
          "impulse" : [ 20, -20 ]
        },
        { "image" : [ 75, 420, 72, 103 ], "offset" : [ 35, 101 ] },
        { "image" : [ 148, 420, 87, 98 ], "offset" : [ 35, 101 ] },
        { "image" : [ 236, 420, 91, 52 ], "offset" : [ 47, 101 ] },
        { "image" : [ 328, 420, 46, 61 ], "offset" : [ 26, 101 ] },
        { "image" : [ 375, 426, 92, 55 ], "offset" : [ 37, 94 ] },
        { "image" : [ 468, 420, 93, 115 ], "offset" : [ 46, 113 ] },
        { "image" : [ 562, 420, 63, 117 ], "offset" : [ 24, 115 ] },
        { "image" : [ 626, 420, 62, 117 ], "offset" : [ 24, 115 ] }
      ]
    }
  }
}