{
  "name" : "Felicia",
  "base" : "felicia",
  "animations" : {
    "stdNormal" : {
      "fallTo" : [ 0, 0, 0, 0, 0, 0, 0, "stdAdvance", "stdRetreat", null, null ],
      "cancelTo" : [ null, "Jab", 0, 0, 0, 0, 0, "stdAdvance", "stdRetreat", 0, 0 ],
      "frames" : [
        {
          "image" : [ 1, 4, 88, 97 ],
          "offset" : [ 53, 95 ],
          "boxes" : [ { "hit" : true, "rect" : [ 23, 9, 59, 85 ] } ]
        },
        {
          "image" : [ 90, 4, 87, 97 ],
          "offset" : [ 52, 95 ],
          "boxes" : [ { "hit" : true, "rect" : [ 22, 9, 59, 85 ] } ]
        },
        {
          "image" : [ 178, 1, 88, 100 ],
          "offset" : [ 53, 98 ],
          "boxes" : [ { "hit" : true, "rect" : [ 23, 9, 59, 85 ] } ]
        },
        {
          "image" : [ 356, 1, 90, 99 ],
          "offset" : [ 55, 97 ],
          "boxes" : [ { "hit" : true, "rect" : [ 25, 9, 59, 85 ] } ]
        },
        {
          "image" : [ 447, 2, 88, 98 ],
          "offset" : [ 53, 96 ],
          "boxes" : [ { "hit" : true, "rect" : [ 23, 9, 59, 85 ] } ]
        },
        {
          "image" : [ 536, 2, 86, 97 ],
          "offset" : [ 51, 95 ],
          "boxes" : [ { "hit" : true, "rect" : [ 21, 9, 59, 85 ] } ]
        },
        {
          "image" : [ 623, 2, 90, 97 ],
          "offset" : [ 55, 95 ],
          "boxes" : [ { "hit" : true, "rect" : [ 25, 9, 59, 85 ] } ]
        },
        {
          "image" : [ 1, 103, 93, 99 ],
          "offset" : [ 58, 97 ],
          "boxes" : [ { "hit" : true, "rect" : [ 28, 9, 59, 85 ] } ]
        },
        {
          "image" : [ 95, 102, 88, 100 ],
          "offset" : [ 53, 98 ],
          "boxes" : [ { "hit" : true, "rect" : [ 23, 9, 59, 85 ] } ]
        },
        {
          "image" : [ 184, 102, 88, 100 ],
          "offset" : [ 53, 98 ],
          "boxes" : [ { "hit" : true, "rect" : [ 23, 9, 59, 85 ] } ]
        },
        {
          "image" : [ 273, 103, 88, 99 ],
          "offset" : [ 53, 97 ],
          "boxes" : [ { "hit" : true, "rect" : [ 23, 9, 59, 85 ] } ]
        }
      ]
    },
    "stdAdvance" : {
      "fallTo" : [
        null,
        null,
        null,
        null,
        null,
        null,
        null,
        "stdAdvance",
        null,
        null,
        null
      ],
      "cancelTo" : [ null, "Jab", 0, 0, 0, 0, 0, "stdAdvance", 0, 0, 0 ],
      "frames" : [
        {
          "image" : [ 1, 204, 113, 92 ],
          "offset" : [ 74, 91 ],
          "boxes" : [ { "hit" : true, "rect" : [ 53, 9, 47, 82 ] } ]
        },
        {
          "image" : [ 115, 204, 117, 92 ],
          "offset" : [ 77, 91 ],
          "boxes" : [ { "hit" : true, "rect" : [ 56, 9, 44, 82 ] } ]
        },
        {
          "image" : [ 233, 204, 102, 92 ],
          "offset" : [ 61, 91 ],
          "impulse" : [ 12, 0 ],
          "boxes" : [ { "hit" : true, "rect" : [ 40, 9, 44, 82 ] } ]
        },
        {
          "image" : [ 336, 206, 101, 90 ],
          "offset" : [ 57, 89 ],
          "boxes" : [ { "hit" : true, "rect" : [ 37, 9, 44, 80 ] } ]
        },
        {
          "image" : [ 438, 206, 101, 90 ],
          "offset" : [ 57, 89 ],
          "boxes" : [ { "hit" : true, "rect" : [ 36, 9, 45, 80 ] } ]
        },
        {
          "image" : [ 540, 206, 99, 90 ],
          "offset" : [ 61, 89 ],
          "boxes" : [ { "hit" : true, "rect" : [ 40, 9, 44, 80 ] } ]
        },
        {
          "image" : [ 640, 204, 105, 92 ],
          "offset" : [ 66, 91 ],
          "boxes" : [ { "hit" : true, "rect" : [ 46, 9, 45, 82 ] } ]
        },
        {
          "image" : [ 1, 297, 107, 93 ],
          "offset" : [ 69, 92 ],
          "boxes" : [ { "hit" : true, "rect" : [ 48, 9, 42, 83 ] } ]
        },
        {
          "image" : [ 109, 298, 112, 91 ],
          "offset" : [ 72, 90 ],
          "impulse" : [ 12, 0 ],
          "boxes" : [ { "hit" : true, "rect" : [ 51, 9, 44, 81 ] } ]
        },
        {
          "image" : [ 222, 300, 117, 90 ],
          "offset" : [ 75, 89 ],
          "boxes" : [ { "hit" : true, "rect" : [ 54, 9, 46, 80 ] } ]
        },
        {
          "image" : [ 340, 302, 120, 88 ],
          "offset" : [ 77, 87 ],
          "boxes" : [ { "hit" : true, "rect" : [ 56, 9, 44, 78 ] } ]
        },
        {
          "image" : [ 461, 300, 114, 90 ],
          "offset" : [ 76, 89 ],
          "boxes" : [ { "hit" : true, "rect" : [ 56, 9, 43, 80 ] } ]
        }
      ]
    },
    "stdRetreat" : {
      "fallTo" : [
        null,
        null,
        null,
        null,
        null,
        null,
        null,
        null,
        "stdRetreat",
        null,
        null
      ],
      "cancelTo" : [ null, 0, 0, 0, 0, 0, 0, 0, "stdRetreat", 0, 0 ],
      "frames" : [
        {
          "image" : [ 1, 395, 71, 100 ],
          "offset" : [ 46, 99 ],
          "impulse" : [ -7, 0 ]
        },
        { "image" : [ 73, 393, 82, 102 ], "offset" : [ 51, 101 ] },
        { "image" : [ 156, 391, 106, 104 ], "offset" : [ 70, 103 ] },
        { "image" : [ 263, 391, 95, 104 ], "offset" : [ 64, 103 ] },
        { "image" : [ 359, 392, 83, 103 ], "offset" : [ 54, 102 ] },
        { "image" : [ 443, 395, 76, 100 ], "offset" : [ 45, 99 ] },
        {
          "image" : [ 520, 393, 81, 102 ],
          "offset" : [ 48, 101 ],
          "impulse" : [ -7, 0 ]
        },
        { "image" : [ 602, 391, 86, 104 ], "offset" : [ 44, 103 ] },
        { "image" : [ 689, 391, 83, 104 ], "offset" : [ 45, 103 ] },
        { "image" : [ 1, 496, 72, 103 ], "offset" : [ 44, 102 ] },
        { "image" : [ 74, 498, 73, 101 ], "offset" : [ 45, 100 ] }
      ]
    },
    "Jab" : {
      "fallTo" : [
        0,
        0,
        null,
        null,
        null,
        null,
        null,
        "stdAdvance",
        null,
        null,
        null
      ],
      "cancelTo" : [ null, "Jab", 0, 0, 0, 0, 0, 0, 0, 0, 0 ],
      "frames" : [
        { "image" : [ 431, 103, 94, 100 ], "offset" : [ 52, 98 ] },
        {
          "image" : [ 526, 103, 139, 100 ],
          "offset" : [ 51, 98 ],
          "boxes" : [ { "hit" : false, "rect" : [ 69, 29, 70, 14 ] } ]
        },
        { "image" : [ 431, 103, 94, 100 ], "offset" : [ 52, 98 ] }
      ]
    },
    "stdIntro" : {
      "fallTo" : [
        "Intro wait",
        "Intro wait",
        "Intro wait",
        "Intro wait",
        "Intro wait",
        "Intro wait",
        "Intro wait",
        "Intro wait",
        "Intro wait",
        null,
        null
      ],
      "cancelTo" : [
        null,
        "stdIntro",
        "stdIntro",
        "stdIntro",
        "stdIntro",
        "stdIntro",
        "stdIntro",
        "stdIntro",
        "stdIntro",
        0,
        0
      ],
      "frames" : [
        { "image" : [ 1, 1364, 34, 31 ], "offset" : [ 11, 30 ] },
        { "image" : [ 1, 1364, 34, 31 ], "offset" : [ 11, 30 ] },
        { "image" : [ 1, 1364, 34, 31 ], "offset" : [ 11, 30 ] },
        { "image" : [ 1, 1364, 34, 31 ], "offset" : [ 11, 30 ] },
        { "image" : [ 1, 1364, 34, 31 ], "offset" : [ 11, 30 ] },
        { "image" : [ 1, 1364, 34, 31 ], "offset" : [ 11, 30 ] },
        { "image" : [ 1, 1195, 34, 200 ], "offset" : [ 11, 199 ] },
        { "image" : [ 36, 1183, 40, 200 ], "offset" : [ 17, 199 ] },
        { "image" : [ 77, 1167, 31, 200 ], "offset" : [ 15, 199 ] },
        { "image" : [ 109, 1172, 32, 200 ], "offset" : [ 15, 199 ] },
        { "image" : [ 142, 1220, 64, 200 ], "offset" : [ 30, 199 ] },
        { "image" : [ 207, 1212, 90, 200 ], "offset" : [ 44, 199 ] },
        { "image" : [ 298, 1218, 88, 200 ], "offset" : [ 43, 199 ] },
        { "image" : [ 387, 1202, 88, 200 ], "offset" : [ 43, 199 ] },
        { "image" : [ 298, 1218, 88, 200 ], "offset" : [ 43, 199 ] },
        { "image" : [ 207, 1212, 90, 200 ], "offset" : [ 44, 199 ] },
        { "image" : [ 387, 1202, 88, 200 ], "offset" : [ 43, 199 ] },
        { "image" : [ 391, 998, 84, 102 ], "offset" : [ 43, 100 ] }
      ]
    },
    "Intro wait" : {
      "fallTo" : [
        "Intro wait",
        "Intro wait",
        "Intro wait",
        "Intro wait",
        "Intro wait",
        "Intro wait",
        "Intro wait",
        "Intro wait",
        "Intro wait",
        null,
        null
      ],
      "cancelTo" : [
        null,
        "Intro wait",
        "Intro wait",
        "Intro wait",
        "Intro wait",
        "Intro wait",
        "Intro wait",
        "Intro wait",
        "Intro wait",
        0,
        0
      ],
      "frames" : [
        { "image" : [ 1, 4, 88, 97 ], "offset" : [ 53, 95 ] },
        { "image" : [ 90, 4, 87, 97 ], "offset" : [ 52, 95 ] },
        { "image" : [ 178, 1, 88, 100 ], "offset" : [ 53, 98 ] },
        { "image" : [ 356, 1, 90, 99 ], "offset" : [ 55, 97 ] },
        { "image" : [ 447, 2, 88, 98 ], "offset" : [ 53, 96 ] },
        { "image" : [ 536, 2, 86, 97 ], "offset" : [ 51, 95 ] },
        { "image" : [ 623, 2, 90, 97 ], "offset" : [ 55, 95 ] },
        { "image" : [ 1, 103, 93, 99 ], "offset" : [ 58, 97 ] },
        { "image" : [ 95, 102, 88, 100 ], "offset" : [ 53, 98 ] },
        { "image" : [ 184, 102, 88, 100 ], "offset" : [ 53, 98 ] },
        { "image" : [ 273, 103, 88, 99 ], "offset" : [ 53, 97 ] }
      ]
    },
    "stdHit" : {
      "fallTo" : [ 0, 0, 0, 0, 0, 0, 0, 0, 0, null, null ],
      "cancelTo" : [
        null,
        "stdHit",
        "stdHit",
        "stdHit",
        "stdHit",
        "stdHit",
        "stdHit",
        "stdHit",
        "stdHit",
        0,
        0
      ],
      "frames" : [
        {
          "image" : [ 238, 500, 83, 93 ],
          "offset" : [ 42, 92 ],
          "impulse" : [ -5, 0 ]
        },
        { "image" : [ 238, 500, 83, 93 ], "offset" : [ 42, 92 ] }
      ]
    },
    "stdVictory" : {
      "fallTo" : [
        "Victory looper",
        "Victory looper",
        "Victory looper",
        "Victory looper",
        "Victory looper",
        "Victory looper",
        "Victory looper",
        "Victory looper",
        "Victory looper",
        null,
        null
      ],
      "cancelTo" : [
        null,
        "stdVictory",
        "stdVictory",
        "stdVictory",
        "stdVictory",
        "stdVictory",
        "stdVictory",
        "stdVictory",
        "stdVictory",
        0,
        0
      ],
      "frames" : [
        { "image" : [ 688, 964, 88, 94 ], "offset" : [ 52, 92 ] },
        { "image" : [ 598, 972, 89, 86 ], "offset" : [ 57, 84 ] },
        { "image" : [ 502, 982, 95, 76 ], "offset" : [ 65, 74 ] },
        { "image" : [ 675, 1059, 101, 73 ], "offset" : [ 75, 71 ] },
        { "image" : [ 574, 1060, 100, 72 ], "offset" : [ 74, 70 ] },
        { "image" : [ 476, 1060, 97, 72 ], "offset" : [ 71, 70 ] },
        { "image" : [ 675, 1136, 101, 73 ], "offset" : [ 75, 71 ] },
        { "image" : [ 579, 1133, 95, 76 ], "offset" : [ 65, 74 ] },
        { "image" : [ 489, 1139, 89, 70 ], "offset" : [ 49, 62 ] },
        { "image" : [ 685, 1210, 91, 53 ], "offset" : [ 47, 38 ] },
        { "image" : [ 598, 1210, 86, 50 ], "offset" : [ 45, 40 ] }
      ]
    },
    "Victory looper" : {
      "fallTo" : [
        "Victory looper",
        "Victory looper",
        "Victory looper",
        "Victory looper",
        "Victory looper",
        "Victory looper",
        "Victory looper",
        "Victory looper",
        "Victory looper",
        null,
        null
      ],
      "cancelTo" : [
        null,
        "Victory looper",
        "Victory looper",
        "Victory looper",
        "Victory looper",
        "Victory looper",
        "Victory looper",
        "Victory looper",
        "Victory looper",
        0,
        0
      ],
      "frames" : [
        { "image" : [ 598, 1210, 86, 50 ], "offset" : [ 45, 40 ] },
        { "image" : [ 598, 1210, 86, 50 ], "offset" : [ 45, 40 ] }
      ]
    },
    "stdKnockedDown" : {
      "fallTo" : [
        "stdKnockedDown",
        "stdKnockedDown",
        "stdKnockedDown",
        "stdKnockedDown",
        "stdKnockedDown",
        "stdKnockedDown",
        "stdKnockedDown",
        "stdKnockedDown",
        "stdKnockedDown",
        null,
        null
      ],
      "cancelTo" : [
        null,
        "stdKnockedDown",
        "stdKnockedDown",
        "stdKnockedDown",
        "stdKnockedDown",
        "stdKnockedDown",
        "stdKnockedDown",
        "stdKnockedDown",
        "stdKnockedDown",
        0,
        0
      ],
      "frames" : [
        { "image" : [ 322, 502, 85, 103 ], "offset" : [ 40, 100 ] },
        {
          "image" : [ 322, 502, 85, 103 ],
          "offset" : [ 40, 100 ],
          "impulse" : [ -25, 0 ]
        },
        {
          "image" : [ 322, 502, 85, 103 ],
          "offset" : [ 40, 100 ],
          "impulse" : [ 0, -25 ]
        },
        { "image" : [ 408, 502, 117, 58 ], "offset" : [ 53, 47 ] },
        { "image" : [ 408, 502, 117, 58 ], "offset" : [ 53, 47 ] },
        { "image" : [ 408, 502, 117, 58 ], "offset" : [ 53, 47 ] },
        { "image" : [ 409, 561, 112, 54 ], "offset" : [ 55, 51 ] },
        { "image" : [ 409, 561, 112, 54 ], "offset" : [ 55, 51 ] },
        { "image" : [ 409, 561, 112, 54 ], "offset" : [ 55, 51 ] },
        { "image" : [ 409, 616, 105, 84 ], "offset" : [ 52, 81 ] },
        { "image" : [ 409, 616, 105, 84 ], "offset" : [ 52, 81 ] },
        { "image" : [ 409, 616, 105, 84 ], "offset" : [ 52, 81 ] },
        { "image" : [ 515, 630, 98, 70 ], "offset" : [ 44, 63 ] },
        { "image" : [ 515, 630, 98, 70 ], "offset" : [ 44, 63 ] },
        { "image" : [ 515, 630, 98, 70 ], "offset" : [ 44, 63 ] },
        { "image" : [ 515, 630, 98, 70 ], "offset" : [ 44, 63 ] },
        { "image" : [ 515, 630, 98, 70 ], "offset" : [ 44, 63 ] },
        { "image" : [ 515, 630, 98, 70 ], "offset" : [ 44, 63 ] },
        { "image" : [ 515, 630, 98, 70 ], "offset" : [ 44, 63 ] },
        { "image" : [ 532, 586, 159, 43 ], "offset" : [ 106, 34 ] },
        { "image" : [ 532, 586, 159, 43 ], "offset" : [ 106, 34 ] },
        { "image" : [ 532, 586, 159, 43 ], "offset" : [ 106, 34 ] }
      ]
    }
  }
}