{
  "name" : "Morrigan",
  "base" : "morrigan",
  "animations" : {
    "stdNormal" : {
      "fallTo" : [
        0,
        0,
        0,
        0,
        0,
        0,
        0,
        "stdAdvance",
        "stdRetreat",
        0,
        "Enter crouch"
      ],
      "cancelTo" : [
        null,
        "Jab",
        "Punch",
        "Whack",
        0,
        0,
        0,
        "stdAdvance",
        "stdRetreat",
        0,
        "Enter crouch"
      ],
      "frames" : [
        { "image" : [ 3, 3, 63, 100 ], "offset" : [ 30, 99 ] },
        { "image" : [ 67, 3, 62, 100 ], "offset" : [ 30, 99 ] },
        { "image" : [ 130, 3, 63, 100 ], "offset" : [ 30, 99 ] },
        { "image" : [ 194, 3, 61, 100 ], "offset" : [ 30, 99 ] },
        { "image" : [ 256, 3, 61, 100 ], "offset" : [ 30, 99 ] },
        { "image" : [ 318, 3, 60, 100 ], "offset" : [ 30, 99 ] },
        { "image" : [ 379, 3, 61, 100 ], "offset" : [ 30, 99 ] },
        { "image" : [ 441, 3, 61, 100 ], "offset" : [ 30, 99 ] },
        { "image" : [ 503, 3, 64, 100 ], "offset" : [ 30, 99 ] },
        { "image" : [ 568, 3, 65, 100 ], "offset" : [ 30, 99 ] },
        { "image" : [ 634, 3, 69, 100 ], "offset" : [ 30, 99 ] },
        { "image" : [ 704, 3, 69, 100 ], "offset" : [ 30, 99 ] },
        { "image" : [ 3, 104, 68, 100 ], "offset" : [ 30, 99 ] },
        { "image" : [ 72, 104, 65, 100 ], "offset" : [ 30, 99 ] }
      ]
    },
    "Nyah Nyah" : {
      "fallTo" : [ 0, 0, 0, 0, 0, 0, 0, 0, 0, 0, 0 ],
      "cancelTo" : [ null, 0, 0, 0, 0, 0, 0, 0, 0, 0, 0 ],
      "frames" : [
        { "image" : [ 140, 106, 72, 98 ], "offset" : [ 35, 97 ] },
        { "image" : [ 213, 106, 71, 98 ], "offset" : [ 35, 97 ] },
        { "image" : [ 285, 106, 69, 98 ], "offset" : [ 35, 97 ] },
        { "image" : [ 355, 106, 69, 98 ], "offset" : [ 35, 97 ] },
        { "image" : [ 425, 106, 69, 98 ], "offset" : [ 35, 97 ] },
        { "image" : [ 495, 106, 70, 98 ], "offset" : [ 35, 97 ] },
        { "image" : [ 425, 106, 69, 98 ], "offset" : [ 35, 97 ] },
        { "image" : [ 355, 106, 69, 98 ], "offset" : [ 35, 97 ] },
        { "image" : [ 285, 106, 69, 98 ], "offset" : [ 35, 97 ] },
        { "image" : [ 213, 106, 71, 98 ], "offset" : [ 35, 97 ] },
        { "image" : [ 140, 106, 72, 98 ], "offset" : [ 35, 97 ] }
      ]
    },
    "stdAdvance" : {
      "fallTo" : [ 0, 0, 0, 0, 0, 0, 0, "stdAdvance", "stdRetreat", 0, 0 ],
      "cancelTo" : [
        null,
        0,
        0,
        0,
        0,
        0,
        0,
        "stdAdvance",
        "stdRetreat",
        "stdAdvance",
        "stdRetreat"
      ],
      "frames" : [
        {
          "image" : [ 3, 389, 57, 108 ],
          "offset" : [ 30, 109 ],
          "impulse" : [ 5, 0 ]
        },
        { "image" : [ 61, 389, 57, 108 ], "offset" : [ 30, 109 ] },
        {
          "image" : [ 119, 389, 57, 108 ],
          "offset" : [ 30, 109 ],
          "impulse" : [ 5, 0 ]
        },
        { "image" : [ 177, 389, 56, 108 ], "offset" : [ 30, 109 ] },
        {
          "image" : [ 234, 389, 56, 108 ],
          "offset" : [ 30, 109 ],
          "impulse" : [ 5, 0 ]
        },
        { "image" : [ 291, 389, 55, 108 ], "offset" : [ 29, 109 ] },
        {
          "image" : [ 347, 389, 57, 108 ],
          "offset" : [ 30, 109 ],
          "impulse" : [ 5, 0 ]
        },
        { "image" : [ 405, 389, 57, 108 ], "offset" : [ 30, 109 ] },
        {
          "image" : [ 463, 389, 58, 108 ],
          "offset" : [ 30, 109 ],
          "impulse" : [ 5, 0 ]
        },
        { "image" : [ 522, 389, 59, 108 ], "offset" : [ 31, 109 ] },
        {
          "image" : [ 582, 389, 58, 108 ],
          "offset" : [ 30, 109 ],
          "impulse" : [ 5, 0 ]
        },
        { "image" : [ 641, 389, 54, 108 ], "offset" : [ 27, 109 ] }
      ]
    },
    "stdRetreat" : {
      "fallTo" : [ 0, 0, 0, 0, 0, 0, 0, "stdAdvance", "stdRetreat", 0, 0 ],
      "cancelTo" : [
        null,
        0,
        0,
        0,
        0,
        0,
        0,
        "stdAdvance",
        "stdRetreat",
        "stdAdvance",
        "stdRetreat"
      ],
      "frames" : [
        {
          "image" : [ 3, 500, 46, 108 ],
          "offset" : [ 22, 109 ],
          "impulse" : [ -5, 0 ]
        },
        { "image" : [ 50, 500, 46, 108 ], "offset" : [ 22, 109 ] },
        {
          "image" : [ 97, 500, 46, 108 ],
          "offset" : [ 22, 109 ],
          "impulse" : [ -5, 0 ]
        },
        { "image" : [ 144, 500, 46, 108 ], "offset" : [ 22, 109 ] },
        {
          "image" : [ 191, 500, 46, 108 ],
          "offset" : [ 22, 109 ],
          "impulse" : [ -5, 0 ]
        },
        { "image" : [ 238, 500, 46, 108 ], "offset" : [ 22, 109 ] },
        {
          "image" : [ 285, 500, 46, 108 ],
          "offset" : [ 22, 109 ],
          "impulse" : [ -5, 0 ]
        },
        { "image" : [ 332, 500, 46, 108 ], "offset" : [ 22, 109 ] },
        {
          "image" : [ 379, 500, 46, 108 ],
          "offset" : [ 22, 109 ],
          "impulse" : [ -5, 0 ]
        },
        { "image" : [ 426, 500, 46, 108 ], "offset" : [ 22, 109 ] },
        {
          "image" : [ 473, 500, 46, 108 ],
          "offset" : [ 22, 109 ],
          "impulse" : [ -5, 0 ]
        },
        { "image" : [ 520, 500, 46, 108 ], "offset" : [ 22, 109 ] }
      ]
    },
    "Enter crouch" : {
      "fallTo" : [
        0,
        "Crouch",
        "Crouch",
        "Crouch",
        "Crouch",
        "Crouch",
        "Crouch",
        "Crouch",
        "Crouch",
        "Crouch",
        "Crouch"
      ],
      "cancelTo" : [
        null,
        "Enter crouch",
        "Enter crouch",
        "Enter crouch",
        "Enter crouch",
        "Enter crouch",
        "Enter crouch",
        "Enter crouch",
        "Enter crouch",
        "Enter crouch",
        "Enter crouch"
      ],
      "frames" : [
        { "image" : [ 645, 114, 70, 92 ], "offset" : [ 45, 87 ] },
        { "image" : [ 570, 127, 74, 79 ], "offset" : [ 48, 73 ] },
        { "image" : [ 603, 207, 85, 74 ], "offset" : [ 57, 63 ] },
        { "image" : [ 505, 210, 97, 71 ], "offset" : [ 64, 62 ] }
      ]
    },
    "Crouch" : {
      "fallTo" : [ "Exit crouch", 0, 0, 0, 0, 0, 0, "Crouch", "Crouch", 0, "Crouch" ],
      "cancelTo" : [ null, 0, 0, 0, 0, 0, 0, "Crouch", "Crouch", 0, "Crouch" ],
      "frames" : [
        { "image" : [ 3, 312, 85, 74 ], "offset" : [ 56, 63 ] },
        { "image" : [ 89, 312, 85, 74 ], "offset" : [ 56, 63 ] },
        { "image" : [ 175, 312, 85, 74 ], "offset" : [ 56, 63 ] },
        { "image" : [ 261, 312, 85, 74 ], "offset" : [ 56, 63 ] },
        { "image" : [ 347, 312, 85, 74 ], "offset" : [ 56, 63 ] },
        { "image" : [ 433, 312, 86, 74 ], "offset" : [ 56, 63 ] },
        { "image" : [ 520, 312, 86, 74 ], "offset" : [ 56, 63 ] },
        { "image" : [ 607, 312, 85, 74 ], "offset" : [ 56, 63 ] }
      ]
    },
    "Exit crouch" : {
      "fallTo" : [
        "Exit crouch",
        "Exit crouch",
        "Exit crouch",
        "Exit crouch",
        "Exit crouch",
        "Exit crouch",
        "Exit crouch",
        "Exit crouch",
        "Exit crouch",
        "Exit crouch",
        "Exit crouch"
      ],
      "cancelTo" : [
        null,
        "Exit crouch",
        "Exit crouch",
        "Exit crouch",
        "Exit crouch",
        "Exit crouch",
        "Exit crouch",
        "Exit crouch",
        "Exit crouch",
        "Exit crouch",
        "Exit crouch"
      ],
      "frames" : [
        { "image" : [ 505, 210, 97, 71 ], "offset" : [ 64, 62 ] },
        { "image" : [ 603, 207, 85, 74 ], "offset" : [ 57, 63 ] },
        { "image" : [ 570, 127, 74, 79 ], "offset" : [ 48, 73 ] },
        { "image" : [ 645, 114, 70, 92 ], "offset" : [ 45, 87 ] }
      ]
    },
    "Jab" : {
      "fallTo" : [ 0, 0, 0, 0, 0, 0, 0, 0, 0, 0, 0 ],
      "cancelTo" : [ null, "Jab", 0, 0, 0, 0, 0, 0, 0, 0, 0 ],
      "frames" : [
        {
          "image" : [ 3, 611, 65, 102 ],
          "offset" : [ 28, 101 ],
          "impulse" : [ 1, 0 ]
        },
        {
          "image" : [ 69, 611, 106, 102 ],
          "offset" : [ 27, 101 ],
          "impulse" : [ 1, 0 ]
        }
      ]
    },
    "Punch" : {
      "fallTo" : [ 0, 0, 0, 0, 0, 0, 0, 0, 0, 0, 0 ],
      "cancelTo" : [ null, 0, "Punch", 0, 0, 0, 0, 0, 0, 0, 0 ],
      "frames" : [
        { "image" : [ 178, 611, 68, 102 ], "offset" : [ 28, 101 ] },
        { "image" : [ 247, 611, 97, 102 ], "offset" : [ 28, 101 ] }
      ]
    },
    "Whack" : {
      "fallTo" : [ 0, 0, 0, 0, 0, 0, 0, 0, 0, 0, 0 ],
      "cancelTo" : [ null, 0, 0, "Whack", 0, 0, 0, 0, 0, 0, 0 ],
      "frames" : [
        { "image" : [ 347, 622, 84, 91 ], "offset" : [ 33, 90 ] },
        { "image" : [ 432, 633, 81, 80 ], "offset" : [ 33, 79 ] },
        { "image" : [ 514, 633, 142, 80 ], "offset" : [ 33, 79 ] },
        { "image" : [ 569, 549, 120, 83 ], "offset" : [ 33, 82 ] }
      ]
    }
  }
}